<?xml version="1.0" encoding="UTF-8"?>
<project-private xmlns="http://www.netbeans.org/ns/project-private/1">
    <editor-bookmarks xmlns="http://www.netbeans.org/ns/editor-bookmarks/2" lastBookmarkId="0"/>
    <open-files xmlns="http://www.netbeans.org/ns/projectui-open-files/2">
        <group>
            <file>file:/E:/7th%20Semester/Design%20Patterns/Lab%20Task%202/LabTask2/src/DecoratorPattern/DecoratorMain.java</file>
            <file>file:/E:/7th%20Semester/Design%20Patterns/Lab%20Task%202/LabTask2/src/DecoratorPattern/RefactorGuruExample.java</file>
            <file>file:/E:/7th%20Semester/Design%20Patterns/Lab%20Task%202/LabTask2/src/DecoratorPattern/tutorialPointExample.java</file>
        </group>
    </open-files>
</project-private>
